{
  "name": "测试关卡",
  "background": "0x000022",
  "waves": [
    {
      "time": 1.0,
      "enemies": [
        {
          "type": "fairy_blue",
          "position": {
            "x": 0,
            "y": 100,
            "z": 200
          },
          "hp": 6000,
          "options": {
            "shootInterval": 3,
            "bulletCount": 24,
            "bulletSpeed": 20
          }
        } 
      ]
    } , 

    {
      "time": 15.0,
      "enemies": [
        {
          "type": "fairy_red",
          "position": {
            "x": 0,
            "y": 50,
            "z": 300
          },
          "hp": 6000,
          "options": {
            "shootInterval": 3,
            "bulletCount": 24,
            "bulletSpeed": 20
          }
        } ,
        {
          "type": "fairy_red",
          "position": {
            "x": 0,
            "y": 100,
            "z": 300
          },
          "hp": 6000,
          "options": {
            "shootInterval": 3,
            "bulletCount": 24,
            "bulletSpeed": 20
          }
        }, 
        {
          "type": "fairy_red",
          "position": {
            "x": 0,
            "y": 150,
            "z": 300
          },
          "hp": 6000,
          "options": {
            "shootInterval": 3,
            "bulletCount": 24,
            "bulletSpeed": 20
          }
        }
      ]
    }
  ]
}